<?xml version="1.0" encoding="UTF-8"?>
<project-private xmlns="http://www.netbeans.org/ns/project-private/1">
    <editor-bookmarks xmlns="http://www.netbeans.org/ns/editor-bookmarks/2" lastBookmarkId="0"/>
    <open-files xmlns="http://www.netbeans.org/ns/projectui-open-files/2">
        <group>
            <file>file:/C:/Users/Yoga%20Pandu%20N/OneDrive/Documents/Agoyy/PBO/ProjectAkhir/src/projectakhir/TambahProduk.java</file>
            <file>file:/C:/Users/Yoga%20Pandu%20N/OneDrive/Documents/Agoyy/PBO/ProjectAkhir/src/projectakhir/FrameProduk.java</file>
            <file>file:/C:/Users/Yoga%20Pandu%20N/OneDrive/Documents/Agoyy/PBO/ProjectAkhir/src/projectakhir/Login.java</file>
            <file>file:/C:/Users/Yoga%20Pandu%20N/OneDrive/Documents/Agoyy/PBO/ProjectAkhir/src/projectakhir/TambahPenjualan.java</file>
            <file>file:/C:/Users/Yoga%20Pandu%20N/OneDrive/Documents/Agoyy/PBO/ProjectAkhir/src/projectakhir/FramePenjualan.java</file>
            <file>file:/C:/Users/Yoga%20Pandu%20N/OneDrive/Documents/Agoyy/PBO/ProjectAkhir/src/projectakhir/FrameMenu.java</file>
            <file>file:/C:/Users/Yoga%20Pandu%20N/OneDrive/Documents/Agoyy/PBO/ProjectAkhir/src/projectakhir/SignUp.java</file>
        </group>
    </open-files>
</project-private>
